[
	{
		"Nazwa": "AC Porath Sp. z o.o.",
		"Ulica": "Świętojańska 43/23",
		"Kod": "81-391",
		"Miasto": "Gdynia",
		"Tel": "+48 58 6888686",
		"Fax": "",
		"Email": "biuro@acporath.com",
		"Strona_www": "https://acporath.com"
	},
	{
		"Nazwa": "A.HARTRODT(Polska) Sp. z o.o.",
		"Ulica": "ks. Kard. Wyszyńskiego 14",
		"Kod": "70-201",
		"Miasto": "Szczecin",
		"Tel": "(91) 433 16 90",
		"Fax": "(91) 433 16 71",
		"Email": "Mieczyslaw.Koloszycz@hartrodt.com",
		"Strona_www": "www.hartrodt.pl"
	},
	{
		"Nazwa": "Adampol S.A.",
		"Ulica": "Usługowa 3",
		"Kod": "15-521",
		"Miasto": "Zaścianki",
		"Tel": "+48 605 898 006",
		"Fax": "",
		"Email": "bkoncewicz@adampolsa.com.pl",
		"Strona_www": "www.adampolsa.com.pl"
	},
	{
		"Nazwa": "Adecon Sp. z o.o.",
		"Ulica": "Dębe 47a",
		"Kod": "62-817",
		"Miasto": "Żelazków",
		"Tel": "+48 625 977 725",
		"Fax": "+48 625 977 723",
		"Email": "biuro@adecon.pl ",
		"Strona_www": "www.adecon.pl"
	},
	{
		"Nazwa": "Agroland Sp. z o.o.",
		"Ulica": "Hutnicza 1",
		"Kod": "81-212",
		"Miasto": "Gdynia",
		"Tel": "(58) 66 05 100",
		"Fax": "(58) 66 05 189",
		"Email": "agroland@agroland.com.pl",
		"Strona_www": "www.agroland.com.pl"
	},
	{
		"Nazwa": "Agroland-Cargo Spedycja Międzynarodowa Sp. z o.o",
		"Ulica": "Chopina 8",
		"Kod": "99-300",
		"Miasto": "Kutno",
		"Tel": "022 831 69 02",
		"Fax": "022 831 01 33",
		"Email": "warszawa@agroland.pl",
		"Strona_www": "www.agroland.pl"
	},
	{
		"Nazwa": "Alfa Forwarding Ltd. Sp. z o.o.",
		"Ulica": "Podolska 21",
		"Kod": "81-321",
		"Miasto": "Gdynia",
		"Tel": "(58) 620 59 63",
		"Fax": "(58) 661 22 03",
		"Email": "office@alfaforwarding.pl",
		"Strona_www": "www.alfaforw.com.pl"
	},
	{
		"Nazwa": "Allcom Sp. z o.o.",
		"Ulica": "10 Lutego 16",
		"Kod": "81-364",
		"Miasto": "Gdynia",
		"Tel": "58 660 78 00",
		"Fax": "",
		"Email": "",
		"Strona_www": "www.allcom.gdynia.pl"
	},
	{
		"Nazwa": "Allways International Poland Sp. z o.o.",
		"Ulica": "Zamenhofa 1a",
		"Kod": "87-100",
		"Miasto": "Toruń",
		"Tel": "530 85 85 25",
		"Fax": "56 623 43 62",
		"Email": "jakub@allwaysinternational.com",
		"Strona_www": "www.allwaysinternational.co.uk"
	},
	{
		"Nazwa": "ALS Customs Services Sp. z o.o.",
		"Ulica": "Jana z Kolna 27",
		"Kod": "81-354",
		"Miasto": "Gdynia",
		"Tel": "519770796",
		"Fax": "",
		"Email": "poland@als-cs.com",
		"Strona_www": "www.als-cs.com"
	},
	{
		"Nazwa": "AP Logistics Sp. z o.o",
		"Ulica": "10 Lutego 5/3",
		"Kod": "81-366",
		"Miasto": "Gdynia",
		"Tel": "58 622 33 17",
		"Fax": "058 622 91 26",
		"Email": " office@aplogistics.pl",
		"Strona_www": "www.aplogistics.pl"
	},
	{
		"Nazwa": "Aquarius Gem Shipping Gabriela Szemrowicz",
		"Ulica": "Pierwoszyno, ul. Ogrodników 26",
		"Kod": "81-198",
		"Miasto": "Kosakowo",
		"Tel": "58 679 17 77",
		"Fax": "058 679 17 77",
		"Email": "aquarius@aquarius-gem.pl",
		"Strona_www": "www.aquarius-gem.pl"
	},
	{
		"Nazwa": "Arkas Logistics Sp. z o.o.",
		"Ulica": "Al. Jerozolimskie 181B",
		"Kod": "02-222",
		"Miasto": "Warszawa",
		"Tel": "603347999",
		"Fax": "",
		"Email": "OfficePL@arkaslogistics.com.pl",
		"Strona_www": "www.arkaslojistik.com.tr"
	},
	{
		"Nazwa": "AS LOGISTICS SP. Z O.O.",
		"Ulica": "Wyczółki 40",
		"Kod": "02-820",
		"Miasto": "Warszawa",
		"Tel": "22 544 17 20",
		"Fax": "",
		"Email": "asl@asl.com.pl",
		"Strona_www": "www.asl.com.pl"
	},
	{
		"Nazwa": "ATC Cargo S.A.",
		"Ulica": "Kielecka 2",
		"Kod": "81-303",
		"Miasto": "Gdynia",
		"Tel": "58 621 39 41",
		"Fax": "58 621 39 69",
		"Email": "atc@atc-cargo.pl",
		"Strona_www": "www.atc-cargo.pl"
	},
	{
		"Nazwa": "Axell Logistics Sp.z o.o.",
		"Ulica": "Grodziska 50",
		"Kod": "62-067",
		"Miasto": "Rakoniewice",
		"Tel": "61 442 75 00",
		"Fax": "61 442 75 60",
		"Email": "sekretariat.logistics@axell.pl",
		"Strona_www": "www.ponetex.com.pl"
	},
	{
		"Nazwa": "Balta SA",
		"Ulica": "Tandeta 1/84",
		"Kod": "80-835",
		"Miasto": "Gdańsk",
		"Tel": "58 301 42 11",
		"Fax": "58 301 20 44",
		"Email": "baltasa@baltasa.pl",
		"Strona_www": "www.baltasa.pl"
	},
	{
		"Nazwa": "Baltic Sea Cargo Sp. z o.o.",
		"Ulica": "Biała 4",
		"Kod": "00-895",
		"Miasto": "Warszawa",
		"Tel": "22 822 15 94",
		"Fax": "22 822 82 87",
		"Email": "w.kozlowski@bsc-tank.pl",
		"Strona_www": "www.bscpoland.pl"
	},
	{
		"Nazwa": "BBA Transport System Sp. z o.o. SKA",
		"Ulica": "Lucerny 80",
		"Kod": "04-687",
		"Miasto": "Warszawa",
		"Tel": "22 4634701",
		"Fax": "22 4634749",
		"Email": "transport@bbats.pl",
		"Strona_www": "www.bbats.pl"
	},
	{
		"Nazwa": "B.E.L.T.S. SP. z o.o.",
		"Ulica": "Woskrzenice Duże 21 A",
		"Kod": "21-500",
		"Miasto": "Biała Podlaska",
		"Tel": "514 675 656",
		"Fax": "",
		"Email": "mb@belts-polska.com",
		"Strona_www": ""
	},
	{
		"Nazwa": "Biuro Brokerskie OMEGA – CZŁONEK STOWARZYSZONY",
		"Ulica": "Żuławska 27",
		"Kod": "81-576",
		"Miasto": "Gdynia",
		"Tel": "(58) 669 23 21",
		"Fax": "(58) 669 23 22",
		"Email": "biuro@omegabroker.pl ",
		"Strona_www": "www.omegabroker.pl"
	},
	{
		"Nazwa": "BLG Autoterminal Gdańsk Sp. z o.o.",
		"Ulica": "Przemysłowa 20",
		"Kod": "80-542",
		"Miasto": "Gdańsk",
		"Tel": "58 343 61 85",
		"Fax": "58 343 61 84",
		"Email": "biuro@blg.com.pl",
		"Strona_www": "www.blg.com.pl"
	},
	{
		"Nazwa": "Bumco Sp. z o.o.",
		"Ulica": "Annopol 3",
		"Kod": "03-236",
		"Miasto": "Warszawa",
		"Tel": "22 2139557",
		"Fax": "22 213 9518",
		"Email": "biuro@bumco.pl",
		"Strona_www": "www.bumco.pl"
	},
	{
		"Nazwa": "C.Hartwig Szczecin Spedytorzy Międzynarodowi Sp. z o.o.",
		"Ulica": "Jana Kazimierza 3",
		"Kod": "71-620",
		"Miasto": "Szczecin",
		"Tel": "(91) 480 67 00",
		"Fax": "(91) 480 67 32",
		"Email": "kontakt@hartwig.szczecin.pl",
		"Strona_www": "www.hartwig.szczecin.pl"
	},
	{
		"Nazwa": "Cargomind Poland Sp. z o.o.",
		"Ulica": "1 Sierpnia 6/D",
		"Kod": "02-134",
		"Miasto": "Warszawa",
		"Tel": "606787012",
		"Fax": "",
		"Email": "marek.gawlinski@cargomind.com",
		"Strona_www": "www.cargomind.com"
	},
	{
		"Nazwa": "Cargo Move Sp. z o.o.",
		"Ulica": "Sienkiewicza 85/87",
		"Kod": "90-057",
		"Miasto": "Łódź",
		"Tel": "512125585\n42 2068869",
		"Fax": "",
		"Email": "spedycja@cargomove.pl",
		"Strona_www": "www.cargomove.pl"
	},
	{
		"Nazwa": "Cargo Shipping Sp. z o.o.",
		"Ulica": "Wyspiańskiego 39/2",
		"Kod": "70-497",
		"Miasto": "Szczecin",
		"Tel": "91 4000026",
		"Fax": "91 609 777 383",
		"Email": "info@cargoshipping.pl",
		"Strona_www": "www.cargoshipping.pl"
	},
	{
		"Nazwa": "Cargo-Partner Spedycja sp. z o.o.",
		"Ulica": "Moszna Parcela 29/Bud C2",
		"Kod": "05-840",
		"Miasto": "Brwinów",
		"Tel": "(22) 4331 880",
		"Fax": "(22) 4331 810",
		"Email": " plpzk@cargo-partner.com ",
		"Strona_www": "www.cargo-partner.com"
	},
	{
		"Nazwa": "CARTRAG Sp. z o.o.",
		"Ulica": "Żeromskiego 32",
		"Kod": "81-369",
		"Miasto": "Gdynia",
		"Tel": "(58) 661 70 04",
		"Fax": "(58) 661 38 99",
		"Email": "office@cartrag.com.pl ",
		"Strona_www": "www.cartrag.com.pl"
	},
	{
		"Nazwa": "CF&S Poland Sp. z o.o.",
		"Ulica": "Św. Michała 43",
		"Kod": "61-119",
		"Miasto": "Poznań",
		"Tel": "+48 791 800 013",
		"Fax": "",
		"Email": "cfs@cfs.pl",
		"Strona_www": "www.cfs.pl"
	},
	{
		"Nazwa": "Clip Intermodal Sp. z o.o.",
		"Ulica": "Makoszowska 15",
		"Kod": "41-800",
		"Miasto": "Zabrze",
		"Tel": "61 65 98 950",
		"Fax": "",
		"Email": "sekretariat@clip-group.com",
		"Strona_www": "www.clip-group.com/"
	},
	{
		"Nazwa": "CMA CGM Polska Sp. z o.o.",
		"Ulica": "Polska 13 A",
		"Kod": "81-339",
		"Miasto": "Gdynia",
		"Tel": "58 6279 700",
		"Fax": "58 6279 701",
		"Email": "gdy.mmacioszczyk@cma-agm.com",
		"Strona_www": "www.cma-cgm.com/local/poland"
	},
	{
		"Nazwa": "Codognotto Polska Sp. z o.o.",
		"Ulica": "Kościuszki 80/82",
		"Kod": "90-437",
		"Miasto": "Łódź",
		"Tel": "+48 33 818 5013",
		"Fax": "+48 33 818 5021",
		"Email": "marcin.kubica@codognotto.com",
		"Strona_www": "www.codognotto.eu"
	},
	{
		"Nazwa": "CSL Sp. z o.o.",
		"Ulica": "T.Wendy 14",
		"Kod": "70-655",
		"Miasto": "Szczecin",
		"Tel": "(91) 434 40 33",
		"Fax": "(91) 448 05 23",
		"Email": "laura.holowacz@csl.com.pl ",
		"Strona_www": "www.csl.eu"
	},
	{
		"Nazwa": "Dartom Sp. z o.o.",
		"Ulica": "Bałtycka 50",
		"Kod": "05-825",
		"Miasto": "Grodzisk Mazowiecki",
		"Tel": "22 7391141",
		"Fax": "22 7241030",
		"Email": "p.szumacher@dartom.com.pl",
		"Strona_www": "www.dartom.com.pl"
	},
	{
		"Nazwa": "De Backer Transport i Logistyka Sp. z o.o.",
		"Ulica": "Skwer Kościuszki 15/10",
		"Kod": "81-370",
		"Miasto": "Gdynia",
		"Tel": "58 7106411",
		"Fax": "",
		"Email": "b.witanowski@dbtl.eu",
		"Strona_www": "www.dbtl.pl"
	},
	{
		"Nazwa": "DBS Polska Sp. z o.o.",
		"Ulica": "Plac Kaszubski 8/210",
		"Kod": "81-350",
		"Miasto": "Gdynia",
		"Tel": "58 785 61 00",
		"Fax": "(58) 785 61 01",
		"Email": "info@dbspolska.com.pl ",
		"Strona_www": "www.dbs-group.eu"
	},
	{
		"Nazwa": "Dedicated Logistics Polska Sp. z o.o.",
		"Ulica": "Jeziorna 4",
		"Kod": "84-206",
		"Miasto": "Zbychowo",
		"Tel": "58 7353010",
		"Fax": "",
		"Email": "info@dedicatedlogistics.eu",
		"Strona_www": "www.dedicatedlogistics.eu"
	},
	{
		"Nazwa": "DHL Global Forwarding Sp. z o.o",
		"Ulica": "Krakowiaków 44",
		"Kod": "02-255",
		"Miasto": "Warszawa",
		"Tel": "(22) 703 75 00",
		"Fax": "(22) 703 75 28",
		"Email": "krzysztof.bielica@dhl.com ",
		"Strona_www": "www.dhlgf.pl"
	},
	{
		"Nazwa": "Diera Sp. z o.o.",
		"Ulica": "Mińska 63a",
		"Kod": "03-828",
		"Miasto": "Warszawa",
		"Tel": "22 670 69 32",
		"Fax": "22 670 69 61",
		"Email": "radoslaw.drozdz@diera.pl",
		"Strona_www": "www.diera.pl"
	},
	{
		"Nazwa": "DLS-TRANS Ltd. Sp. z o.o.",
		"Ulica": "Chwaszczyńska 133 E",
		"Kod": "81-571",
		"Miasto": "Gdynia",
		"Tel": "58667 33 30",
		"Fax": "58 667 33 37",
		"Email": "dls@dls-logistics.pl",
		"Strona_www": "www.dls-logistics.pl"
	},
	{
		"Nazwa": "Dor-Cel Sp. z o.o.",
		"Ulica": "Wirażowa 35",
		"Kod": "02-158",
		"Miasto": "Warszawa",
		"Tel": "(22) 3009150",
		"Fax": "(22) 3009151",
		"Email": "office@dorcel.pl ",
		"Strona_www": "www.dorcel.pl"
	},
	{
		"Nazwa": "DSV Air & Sea Sp. z o.o.",
		"Ulica": "Taśmowa 10",
		"Kod": "02-677",
		"Miasto": "Warszawa",
		"Tel": "22 244 76 00",
		"Fax": "22 203 65 61",
		"Email": "office.airsea@pl.dsv.com",
		"Strona_www": "www.pl.dsv.com"
	},
	{
		"Nazwa": "DSV Road Sp. z o.o.",
		"Ulica": "Ożrowska 40/42",
		"Kod": "05-850",
		"Miasto": "Ożarów Maz.",
		"Tel": "+48 22 244 76 01",
		"Fax": "+48 22 670 68 07",
		"Email": "office@pl.dsv.com ",
		"Strona_www": "www.dsv.com.pl"
	},
	{
		"Nazwa": "DTA Sp. z o.o.",
		"Ulica": "Karmelkowa 29",
		"Kod": "52-319",
		"Miasto": "Wrocław",
		"Tel": "58 621 32 93",
		"Fax": "58 621 32 99",
		"Email": "dta@dta.com.pl ",
		"Strona_www": "www.dta.pl"
	},
	{
		"Nazwa": "EAS Poland Sp. z o.o.",
		"Ulica": "Al.Krakowska 106",
		"Kod": "02-256",
		"Miasto": "Warszawa",
		"Tel": "798398993",
		"Fax": "",
		"Email": "sea-pl@eas-intl.com",
		"Strona_www": "www.eas-intl.com"
	},
	{
		"Nazwa": "ECS Eurocargo Sp. z o.o.",
		"Ulica": "Koszelew 7",
		"Kod": "42-500",
		"Miasto": "Będzin",
		"Tel": "+48 509283461",
		"Fax": "",
		"Email": "biuro@ecs-eurocargo.pl",
		"Strona_www": "www.ecs-eurocargo.pl"
	},
	{
		"Nazwa": "Eimskip Poland Sp. z o.o.",
		"Ulica": "Sportowa 8",
		"Kod": "81-300",
		"Miasto": "Gdynia",
		"Tel": "58 772 27 51",
		"Fax": "58 772 27 59",
		"Email": "plgdn@eimskip.pl",
		"Strona_www": "www.eimskip.com"
	},
	{
		"Nazwa": "EMO Trans Poland Sp. z o.o.",
		"Ulica": "Wojskowa 6 lok.B10",
		"Kod": "60-792",
		"Miasto": "Poznań",
		"Tel": "+48451215188",
		"Fax": "",
		"Email": "poland.sea@emotrans.pl",
		"Strona_www": "www.emotrans.com"
	},
	{
		"Nazwa": "Enterprise Logistics Sp. z o.o.",
		"Ulica": "Jana Śniadeckiego 25",
		"Kod": "73-102",
		"Miasto": "Stargard Szczeciński",
		"Tel": "+48 91 579 03 00",
		"Fax": "+48 91 579 03 01",
		"Email": "office@enterprise.com.pl ",
		"Strona_www": "www.enterprise.com.pl"
	},
	{
		"Nazwa": "Erontrans Sp. z o.o.",
		"Ulica": "Grunwaldzka 64 B",
		"Kod": "83-000",
		"Miasto": "Pruszcz Gdański",
		"Tel": "58 77 39 300",
		"Fax": "58 77 39 333",
		"Email": "erontrans@erontrans.pl",
		"Strona_www": "www.erontrans.pl"
	},
	{
		"Nazwa": "Euroasia Cargo Service Sp. z o.o.",
		"Ulica": "Kamienna 19B/21",
		"Kod": "30-001",
		"Miasto": "Kraków",
		"Tel": "+4812 683 37 00",
		"Fax": "12 683 37 01",
		"Email": "info@euroasia.pl ",
		"Strona_www": "www.euroasia.pl"
	},
	{
		"Nazwa": "Euroconsol S.A.",
		"Ulica": "ALEJE JEROZOLIMSKIE 65/79",
		"Kod": "00-697",
		"Miasto": "Warszawa",
		"Tel": "22 460 57 75",
		"Fax": "022 349 2076",
		"Email": "office@euroconsol.com",
		"Strona_www": "www.euroconsol.com"
	},
	{
		"Nazwa": "Eurogate Logistics Sp. z o.o.",
		"Ulica": "ul. Łopuszańska 95",
		"Kod": "02-457",
		"Miasto": "Warszawa",
		"Tel": "+48 71 336 49 22, +48 506 047 459",
		"Fax": "",
		"Email": "michal.kowalicki@eurogate.pl",
		"Strona_www": "www.eurogate.co.uk"
	},
	{
		"Nazwa": "EV Cargo Global Forwarding Sp. z o.o.",
		"Ulica": "Inowłodzka 5",
		"Kod": "03-237",
		"Miasto": "Warszawa",
		"Tel": "22 77 234 77",
		"Fax": "022 77 234 66",
		"Email": "augustyniak@pl.allportcargoservices.com",
		"Strona_www": "www.evcargo.com"
	},
	{
		"Nazwa": "Expolco Transped Sp. z o.o.",
		"Ulica": "Indyjska 13",
		"Kod": "81-336",
		"Miasto": "Gdynia",
		"Tel": "058 621 68 12",
		"Fax": "",
		"Email": "dyrektor@expolco.com.pl ",
		"Strona_www": "www.expolco.com.pl"
	},
	{
		"Nazwa": "Extrego Sp. z o.o.",
		"Ulica": "Świlcza 146 E",
		"Kod": "36-072",
		"Miasto": "Świlcza",
		"Tel": "734 734 876",
		"Fax": "",
		"Email": "contact@extrego.com",
		"Strona_www": "www.extrego.com"
	},
	{
		"Nazwa": "Fiege Sp. z o.o.",
		"Ulica": "Łopuszańska 95",
		"Kod": "02-457",
		"Miasto": "Warszawa",
		"Tel": "+48 32 7746511",
		"Fax": "",
		"Email": "agata.kozielska@fiege.pl",
		"Strona_www": "www.fiege.com.pl"
	},
	{
		"Nazwa": "FM Polska Sp. z o.o.",
		"Ulica": "Tarczyńska 111A",
		"Kod": "96-320",
		"Miasto": "Mszczonów",
		"Tel": "46 8570260",
		"Fax": "",
		"Email": "llasa@fmlogistic.com",
		"Strona_www": "www.fmlogistic.pl"
	},
	{
		"Nazwa": "Formag Limited Sp. z o.o.",
		"Ulica": "Jana Dantyszka 18",
		"Kod": "02-054",
		"Miasto": "Warszawa",
		"Tel": "+48 570122184",
		"Fax": "",
		"Email": "fmgpoland@formag.com",
		"Strona_www": "https://formag.com/"
	},
	{
		"Nazwa": "Forta Logistics Sp. z o.o",
		"Ulica": "Paczkowska 38",
		"Kod": "04-693",
		"Miasto": "Warszawa",
		"Tel": "+48 22 613 08 31",
		"Fax": "+48 22 815 30 33",
		"Email": "g.ogonowski@fortalogistics.pl",
		"Strona_www": "www.fortalogistics.pl"
	},
	{
		"Nazwa": "Fracht FWO Polska Sp. z o.o.",
		"Ulica": "Inflancka 4C",
		"Kod": "00-189",
		"Miasto": "Warszawa",
		"Tel": "22 334 20 86",
		"Fax": "22 334 20 71",
		"Email": "agnieszka.kaczkowska@pl.fracht.com",
		"Strona_www": "www.frachtfwo.pl"
	},
	{
		"Nazwa": "Freja Transport & Logistics Sp. z o.o.",
		"Ulica": "Szosa Stargardzka 20-22A",
		"Kod": "70-893",
		"Miasto": "Szczecin",
		"Tel": "91 881 72 00",
		"Fax": "91 881 72 99",
		"Email": "info.pl@freja.com",
		"Strona_www": "www.freja.com/pl/"
	},
	{
		"Nazwa": "Frontier Logistics Sp.z o.o.",
		"Ulica": "Solec 24 lok. 134",
		"Kod": "00-403",
		"Miasto": "Warszawa",
		"Tel": "+48 66408022",
		"Fax": "",
		"Email": "bartosz@frontier-logistics.pl",
		"Strona_www": "www.frontier-logistics.pl"
	},
	{
		"Nazwa": "GEIS PL Sp. z o.o.",
		"Ulica": "Sosnowiec-Pieńki 7",
		"Kod": "95-010",
		"Miasto": "Stryków",
		"Tel": "42 2326191",
		"Fax": "",
		"Email": "info@geis.pl",
		"Strona_www": "www.geis.pl"
	},
	{
		"Nazwa": "GEIS CARGO International Poland Sp. z o.o.",
		"Ulica": "Żelazna 59, lok. 6.8",
		"Kod": "00-848",
		"Miasto": "Warszawa",
		"Tel": "+48 22 653 90 00",
		"Fax": "+48 22 653 90 39",
		"Email": "info@geis-group.pl",
		"Strona_www": "www.geis-group.pl"
	},
	{
		"Nazwa": "Geodis Polska Sp. z o.o.",
		"Ulica": "Postępu 17 A",
		"Kod": "02-676",
		"Miasto": "Warszawa",
		"Tel": "22 608 52 50",
		"Fax": "22 608 52 51",
		"Email": "info.pl.rt@geodis.com",
		"Strona_www": "www.geodis.com"
	},
	{
		"Nazwa": "Geodis Road Network Sp. z o.o.",
		"Ulica": "Spedycyjna 1",
		"Kod": "05-870 –",
		"Miasto": "Błonie",
		"Tel": "48 506 343 989",
		"Fax": "",
		"Email": "road.network.pl@geodis.com",
		"Strona_www": ""
	},
	{
		"Nazwa": "Global Logistic Sp. z o.o.",
		"Ulica": "Kazimierza Górskiego 1/404",
		"Kod": "81-304",
		"Miasto": "Gdynia",
		"Tel": "+4858 620 68 55",
		"Fax": "",
		"Email": "hanna@g-log.pl",
		"Strona_www": "www.globallogistic.pl"
	},
	{
		"Nazwa": "Global Logistics Agencies Poland Sp. z o.o.",
		"Ulica": "Skwer Kościuszko 15/20",
		"Kod": "81-370",
		"Miasto": "Gdynia",
		"Tel": "600482351",
		"Fax": "",
		"Email": "poland@logisticsagencies.com",
		"Strona_www": "www.logisticsagencies.com"
	},
	{
		"Nazwa": "Greenyard Logistics Poland Sp. z o.o.",
		"Ulica": "Wiśniowa 1",
		"Kod": "96-321",
		"Miasto": "Żabia Wola",
		"Tel": "0468581100",
		"Fax": "",
		"Email": "sales@greenyardlogistics.pl",
		"Strona_www": "www.greenyardlogistics.pl"
	},
	{
		"Nazwa": "GT Air & Ocean Sp. z o.o.",
		"Ulica": "Łódzka 30AB",
		"Kod": "97-300",
		"Miasto": "Piotrków Trybunalski",
		"Tel": "784 444 838",
		"Fax": "",
		"Email": "sales@GTAirAndOcean.com",
		"Strona_www": "www.GTAirAndOcean.com"
	},
	{
		"Nazwa": "Hellmann Worldwide Logistics Polska sp. z o.o.",
		"Ulica": "Al. Krakowska 61",
		"Kod": "02-183",
		"Miasto": "Warszawa",
		"Tel": "22 717 97 97",
		"Fax": "",
		"Email": "info-PL@hellmann.com.",
		"Strona_www": "www.hellmann.com"
	},
	{
		"Nazwa": "Hegelmann Multimodal Sp. z o.o.",
		"Ulica": "Jagiellońska 67/71",
		"Kod": "42-229",
		"Miasto": "Częstochowa",
		"Tel": "34 344 49 05",
		"Fax": "",
		"Email": "wwytrykowski@hegelmann.com",
		"Strona_www": "www.hegelmann.pl"
	},
	{
		"Nazwa": "Hermes Sp. z o.o.",
		"Ulica": "Legionów 87",
		"Kod": "81-413",
		"Miasto": "Gdynia",
		"Tel": "600 050 413",
		"Fax": "",
		"Email": "tomasz.surowiec@hermes.com.pl",
		"Strona_www": "www.hermes.com.pl"
	},
	{
		"Nazwa": "IFB International Freightbridge (Poland) Sp. z o.o",
		"Ulica": "Czechosłowacka 3",
		"Kod": "81-336",
		"Miasto": "Gdynia",
		"Tel": "58 621 37 77",
		"Fax": "58 621 37 80",
		"Email": "info@ifb-poland.pl",
		"Strona_www": "www.ifb-poland.pl"
	},
	{
		"Nazwa": "IGS Schreiner Polska Sp. z o.o.",
		"Ulica": "Al. Katowicka 66",
		"Kod": "05-830",
		"Miasto": "Nadarzyn",
		"Tel": "(22) 701 70 00",
		"Fax": "(22) 701 70 01",
		"Email": "info@igs.com.pl",
		"Strona_www": "www.igs.com.pl"
	},
	{
		"Nazwa": "Inter-Logistic Polska Sp. z o.o.",
		"Ulica": "Portowa 28",
		"Kod": "44-100",
		"Miasto": "Gliwice",
		"Tel": "(032) 331 67 30, (032) 331 67 31",
		"Fax": "(032) 331 67 90",
		"Email": "sekretariat@inter-logistic.pl",
		"Strona_www": "www.inter-logistic.pl"
	},
	{
		"Nazwa": "Intercon-Forwarding Kusz Sp.J.",
		"Ulica": "Jacka Soplicy 8",
		"Kod": "80-119",
		"Miasto": "Gdańsk",
		"Tel": "(58) 781 27 02",
		"Fax": "(58) 781 27 07",
		"Email": "jk@intercongd.pl",
		"Strona_www": "www.intercongd.pl"
	},
	{
		"Nazwa": "Interlink Ltd. Sp. z o.o.",
		"Ulica": "Aleja Zwycięstwa 197",
		"Kod": "81-521",
		"Miasto": "Gdynia",
		"Tel": "058 621 79 78",
		"Fax": "058 621 00 51",
		"Email": "interlink@interlinkltd.pl",
		"Strona_www": "www.interlink.biz.pl"
	},
	{
		"Nazwa": "Gebruder Weiss Sp. z o.o..",
		"Ulica": "Morawica 339",
		"Kod": "32-084",
		"Miasto": "Morawica",
		"Tel": "+48 12 350 12 02",
		"Fax": "+48 12 350 12 03",
		"Email": "stanislaw.rozciszewski@gw-world.com",
		"Strona_www": "www.gw-world.com"
	},
	{
		"Nazwa": "IT-Logistics Sp. z o.o.",
		"Ulica": "Inżynierska 41",
		"Kod": "81-512",
		"Miasto": "Gdynia",
		"Tel": "(58) 669 70 45",
		"Fax": "(58) 669 70 41",
		"Email": "itl@itl.net.pl",
		"Strona_www": "www.itl.net.pl"
	},
	{
		"Nazwa": "ITL Omega Sp. z o.o.",
		"Ulica": "Bysławska 84",
		"Kod": "04-993",
		"Miasto": "Warszawa",
		"Tel": "+48 22 5012010",
		"Fax": "",
		"Email": "biuro@itl-omega.eu",
		"Strona_www": "www.itl-omega.com"
	},
	{
		"Nazwa": "JAS-FBG S.A.",
		"Ulica": "Kolejowa 17",
		"Kod": "40-706",
		"Miasto": "Katowice",
		"Tel": "(032) 359 35 93",
		"Fax": "(32) 35 93 577",
		"Email": "marketing@jasfbg.com.pl",
		"Strona_www": "www.jasfbg.com.pl"
	},
	{
		"Nazwa": "JCSS Sp. z o.o.",
		"Ulica": "Aleja Zwycięstwa 241/13",
		"Kod": "81-521",
		"Miasto": "Gdynia",
		"Tel": "795411724",
		"Fax": "",
		"Email": "kontakt@jcss.pl",
		"Strona_www": "www.jcss.pl"
	},
	{
		"Nazwa": "Just In Time Logistics Sp. z o.o.",
		"Ulica": "Białostocka 22 lok. H",
		"Kod": "03-741",
		"Miasto": "Warszawa",
		"Tel": "48788428899",
		"Fax": "",
		"Email": "k.susabowska@jitl.pl",
		"Strona_www": "www.jitl.pl"
	},
	{
		"Nazwa": "KGI Glomb Logistics Sp. z o.o.",
		"Ulica": "Aleja Solidarności 1C",
		"Kod": "81-336",
		"Miasto": "Gdynia",
		"Tel": "(058) 621 51 07",
		"Fax": "(058) 621 51 20",
		"Email": "office@kgiglomb.pl",
		"Strona_www": "www.kgiglomb.pl"
	},
	{
		"Nazwa": "Kuehne+Nagel Sp. z o.o",
		"Ulica": "Spedycyjna 1",
		"Kod": "62-023",
		"Miasto": "Gądki",
		"Tel": "61 819 91 00, 61 819 91 05",
		"Fax": "61 817 08 13",
		"Email": "julita.tochowicz@kuehne-nagel.com ",
		"Strona_www": "www.kuehne-nagel.pl"
	},
	{
		"Nazwa": "Langowski Logistics Sp. z o.o.",
		"Ulica": "Łużycka 3 c",
		"Kod": "81-537",
		"Miasto": "Gdynia",
		"Tel": "539 732 066\n58 355 7359",
		"Fax": "",
		"Email": "info@langowski.com.pl",
		"Strona_www": "www.lsh.pl"
	},
	{
		"Nazwa": "Latis Sp. z o.o.",
		"Ulica": "Janka Wiśniewskiego 13",
		"Kod": "81-335",
		"Miasto": "Gdynia",
		"Tel": "58 732 22 20",
		"Fax": "58 732 22 11",
		"Email": "office@latis.pl",
		"Strona_www": "www.latis.pl"
	},
	{
		"Nazwa": "Ligentia Poland Sp. z o.o.",
		"Ulica": "Al. Zwycięstwa 237/7",
		"Kod": "81-521",
		"Miasto": "Gdynia",
		"Tel": "58 7359500",
		"Fax": "",
		"Email": "pl.info@ligentia.global",
		"Strona_www": "www.ligentia.com"
	},
	{
		"Nazwa": "Linktis Global Forwarding Sp. z o.o.",
		"Ulica": "Czerniakowska 87A",
		"Kod": "00-718",
		"Miasto": "Warszawa",
		"Tel": "+48 500016165",
		"Fax": "",
		"Email": "cargo@linktis.com",
		"Strona_www": "www.linktis.com"
	},
	{
		"Nazwa": "Loconi Intermodal S.A.",
		"Ulica": "Łużycka 8A",
		"Kod": "81-537",
		"Miasto": "Gdynia",
		"Tel": "58 354 71 58",
		"Fax": "58 354 35 15",
		"Email": "sekretariat@loconi.pl",
		"Strona_www": "www.loconi.p"
	},
	{
		"Nazwa": "Log-Way -Solution Sp. z o.o.",
		"Ulica": "Janikowo, ul. Gnieźnieńska 67/69",
		"Kod": "62-006",
		"Miasto": "Kobylnica",
		"Tel": "(61) 66 36 950",
		"Fax": "(61) 66 36 977",
		"Email": "office@lws.pl",
		"Strona_www": "www.log-way-solution.com.pl"
	},
	{
		"Nazwa": "Logfret Poland Sp. z o.o.",
		"Ulica": "Al.Krakowska 106",
		"Kod": "02-256",
		"Miasto": "Warszawa",
		"Tel": "22 3320888",
		"Fax": "22 332987",
		"Email": "logfret.waw@logfret.com",
		"Strona_www": "www.logfret.com"
	},
	{
		"Nazwa": "Logisteed Poland Sp. z o.o.",
		"Ulica": "Toszecka 25 B",
		"Kod": "44-102",
		"Miasto": "Gliwice",
		"Tel": "32 494 45 89",
		"Fax": "32 236 12 77",
		"Email": "omelczuk.karolina@esa-logistics.eu",
		"Strona_www": "www.esa-logistics.eu"
	},
	{
		"Nazwa": "Loglob Cargo Sp. z o.o.",
		"Ulica": "A.Abrahama 26/11",
		"Kod": "81-366",
		"Miasto": "Gdynia",
		"Tel": "888888180",
		"Fax": "",
		"Email": "info@loglobcargo.com",
		"Strona_www": "www.loglobcargo.com"
	},
	{
		"Nazwa": "Logwin Poland Sp. z o.o.",
		"Ulica": "Jana Pawła II 66",
		"Kod": "05-500",
		"Miasto": "Piaseczno",
		"Tel": "22 701-1300",
		"Fax": "",
		"Email": "poland@logwin-logistics.com ",
		"Strona_www": "www.logwin-logistics.com"
	},
	{
		"Nazwa": "Magemar Logistics Sp. z o.o.",
		"Ulica": "Śląska 47",
		"Kod": "81-310",
		"Miasto": "Gdynia",
		"Tel": "+48 697690401",
		"Fax": "",
		"Email": "office@magemarlog.pl",
		"Strona_www": "www.magemarlog.pl"
	},
	{
		"Nazwa": "Mandersloot Polska Transport Sp. z o.o.",
		"Ulica": "Polna 125/3",
		"Kod": "62-052",
		"Miasto": "Komorniki",
		"Tel": "+48 618100900",
		"Fax": "",
		"Email": "infopl@mandersloot.eu",
		"Strona_www": "www.mandersloot.eu"
	},
	{
		"Nazwa": "MCG Eastbridge Sp. z o.o.",
		"Ulica": "Lipowa 36",
		"Kod": "69-200",
		"Miasto": "Sulęcin",
		"Tel": "+48 797991702",
		"Fax": "",
		"Email": "info@mcgeastbridge.com",
		"Strona_www": "https://mcgeastbridge.com"
	},
	{
		"Nazwa": "M&M air sea cargo S.A.",
		"Ulica": "Annopol 3",
		"Kod": "03-236",
		"Miasto": "Warszawa",
		"Tel": "(22) 212 50 64",
		"Fax": "(22) 212 50 92",
		"Email": "centrala@mumnet.com",
		"Strona_www": "www.mumnet.pl"
	},
	{
		"Nazwa": "Meiko Trans Polska Sp. z o.o.",
		"Ulica": "Wyczółkowskiego 121",
		"Kod": "44-109",
		"Miasto": "Gliwice",
		"Tel": "32 777 38 82",
		"Fax": "",
		"Email": "jurek.szczot@meikotrans.com.pl",
		"Strona_www": "www.meiko-trans.co.jp/en"
	},
	{
		"Nazwa": "Metrans (Polonia) Sp. z o.o.",
		"Ulica": "Żelazna 28/30",
		"Kod": "00-832",
		"Miasto": "Warszawa",
		"Tel": "22 3363400",
		"Fax": "",
		"Email": "office.warsaw@metrans.eu",
		"Strona_www": "www.metrans.eu/"
	},
	{
		"Nazwa": "MOL Logistics Holding (Europe)Sp. z o.o. Oddział w Polsce",
		"Ulica": "Podwale 83/12",
		"Kod": "50-414",
		"Miasto": "Wrocław",
		"Tel": "+48 512 402 318",
		"Fax": "",
		"Email": "m.banaszek@mol-logistics.pl",
		"Strona_www": "www.mol-logistics.pl"
	},
	{
		"Nazwa": "Morska Agencja Gdynia Sp. z o.o.",
		"Ulica": "T.Wendy 15",
		"Kod": "81-341",
		"Miasto": "Gdynia",
		"Tel": "(58) 785 37 50",
		"Fax": "(58) 785 37 64",
		"Email": "m.matynia@mag.pl",
		"Strona_www": "www.mag.pl"
	},
	{
		"Nazwa": "Nautiqus Sp. z o.o.",
		"Ulica": "Polska 13 A",
		"Kod": "81-339",
		"Miasto": "Gdynia",
		"Tel": "58 690 42 41",
		"Fax": "",
		"Email": "info@nautiqus.pl",
		"Strona_www": "www.nautiqus.pl"
	},
	{
		"Nazwa": "Net-Cargo Sp. z o.o.",
		"Ulica": "Czarnieckiego 7",
		"Kod": "81-198",
		"Miasto": "Pogórze gm. Kosakowo",
		"Tel": "(58) 621 37 81",
		"Fax": "(58) 621 37 90",
		"Email": "info@net-cargo.pl",
		"Strona_www": "www.net-cargo.pl"
	},
	{
		"Nazwa": "NNR Global Logistics U.K. Limited Oddzial w Polsce Sp. z o.o.",
		"Ulica": "Smolec, ul. Lipowa 1",
		"Kod": "55-080",
		"Miasto": "Katy Wroclawskie",
		"Tel": "+48 71 33 43690",
		"Fax": "+48 71 33 43692",
		"Email": "kamila.rusin@nnrpoland.com",
		"Strona_www": "www.nnruk.com"
	},
	{
		"Nazwa": "Northgate Logistics Sp. z o.o.S.P. K.",
		"Ulica": "Nowowiejskiego 24a",
		"Kod": "83-000",
		"Miasto": "Pruszcz Gdański",
		"Tel": "(58) 303 27 62",
		"Fax": "(58) 308 92 15",
		"Email": "anna.kv@northgatelogistics.pl",
		"Strona_www": "www.northgatelogistics.pl"
	},
	{
		"Nazwa": "Nosta Logistik Sp. z o.o.",
		"Ulica": "Al.Niepodległości 781",
		"Kod": "81-805",
		"Miasto": "Sopot",
		"Tel": "+4858 5592871",
		"Fax": "",
		"Email": "alewinska@nosta.de",
		"Strona_www": "www.nosta-group.com"
	},
	{
		"Nazwa": "NTA Sp. z o.o.",
		"Ulica": "Morska 59",
		"Kod": "81-323",
		"Miasto": "Gdynia",
		"Tel": "(58) 669 85 00",
		"Fax": "(58) 669 85 67",
		"Email": "office@nta.com.pl",
		"Strona_www": "www.nta.com.pl"
	},
	{
		"Nazwa": "NTQ Intermodal Sp. z o.o.",
		"Ulica": "E.Kwiatkowskiego 60",
		"Kod": "81-156",
		"Miasto": "Gdynia",
		"Tel": "58 6907108",
		"Fax": "58 6907147",
		"Email": "office@ntqintermodal.pl",
		"Strona_www": "www.ntqintermodal.pl"
	},
	{
		"Nazwa": "Ocean Professional Logistics Sp. z o.o",
		"Ulica": "Rotterdamska 3",
		"Kod": "81-337",
		"Miasto": "Gdynia",
		"Tel": "58 78 55 415",
		"Fax": "58 78 55 416",
		"Email": "spedycja@opl24.com",
		"Strona_www": "www.opl24.com"
	},
	{
		"Nazwa": "Off-Dock Gdańsk Sp. z o.o.",
		"Ulica": "Swiemirowska 12B/2",
		"Kod": "81-877",
		"Miasto": "Sopot",
		"Tel": "690349065",
		"Fax": "",
		"Email": "dominik@offdock.pl",
		"Strona_www": "www.offdock.pl"
	},
	{
		"Nazwa": "Omegair Cargo Sp. z o.o.",
		"Ulica": "Glewice 1C",
		"Kod": "72-100",
		"Miasto": "Goleniów",
		"Tel": "91 481 76 99",
		"Fax": "91 481 76 77",
		"Email": "ocg@ocg.com",
		"Strona_www": "www.ocg.com"
	},
	{
		"Nazwa": "Omida Sea and Air SA",
		"Ulica": "Plac Kaszubski 8",
		"Kod": "81-350",
		"Miasto": "Gdynia",
		"Tel": "587723900",
		"Fax": "",
		"Email": "morski@omida.pl",
		"Strona_www": "www.seaandair.pl"
	},
	{
		"Nazwa": "Omida VLS Sp. z o.o.",
		"Ulica": "Al. Grunwaldzka 472C",
		"Kod": "80-309",
		"Miasto": "Gdańsk",
		"Tel": "+48 58 732 21 45",
		"Fax": "+48 58 732 71 36",
		"Email": "virtus@vls.pl",
		"Strona_www": "www.omida.pl"
	},
	{
		"Nazwa": "Onelogistics Polska Sp. z o.o.",
		"Ulica": "Sikorskiego 2-8",
		"Kod": "53-659",
		"Miasto": "Wrocław",
		"Tel": "533 355 791",
		"Fax": "",
		"Email": "office@onelogistics.pl",
		"Strona_www": "www.onelogistics.pl"
	},
	{
		"Nazwa": "OT Logistics S.A.",
		"Ulica": "Zbożowa 4",
		"Kod": "70-653",
		"Miasto": "Szczecin",
		"Tel": "+48 91 425 73 00",
		"Fax": "+48 91 425 73 58",
		"Email": "info@otlogistics.com.pl",
		"Strona_www": "www.otlogistics.com.pl"
	},
	{
		"Nazwa": "PCC Intermodal S.A",
		"Ulica": "Hutnicza 16",
		"Kod": "81-061",
		"Miasto": "Gdynia",
		"Tel": "58 58 58 200",
		"Fax": "58 58 58 201",
		"Email": "info.intermodal@pcc.eu",
		"Strona_www": "www.pccintermodal.pl"
	},
	{
		"Nazwa": "Peko Spedycja Międzynarodowa W.Jankowski, P.Stachura Spółka Jawna",
		"Ulica": "Miałki Szlak 4/8",
		"Kod": "80-717",
		"Miasto": "Gdańsk",
		"Tel": "58 323 88 99",
		"Fax": "58 323 88 22",
		"Email": "spedycja@peko.pl",
		"Strona_www": "www.peko.pl"
	},
	{
		"Nazwa": "Peterson Polska Sp. z o.o.",
		"Ulica": "Panieńska 10",
		"Kod": "70-535",
		"Miasto": "Szczecin",
		"Tel": "91 488 23 42",
		"Fax": "",
		"Email": "szczecin@onepeterson.com",
		"Strona_www": "www.petersoncontrolunion.com"
	},
	{
		"Nazwa": "PKP Cargo Conect Sp. z o.o.",
		"Ulica": "Leszno 12",
		"Kod": "01-192",
		"Miasto": "Warszawa",
		"Tel": "(22) 534 03 00",
		"Fax": "(22) 534 04 00",
		"Email": "sekretariat@pkpcc.com",
		"Strona_www": "www.pkpcc.com"
	},
	{
		"Nazwa": "Pol-Agent Sp. z o.o.",
		"Ulica": "Energetyków 3/4",
		"Kod": "70-952",
		"Miasto": "Szczecin",
		"Tel": "(91) 462 31 35, 462 34 06",
		"Fax": "",
		"Email": "inf@polagent.com",
		"Strona_www": "www.polagent.com"
	},
	{
		"Nazwa": "Pol-Mare Sp. z o.o.Sp.K",
		"Ulica": "Czechosłowacka 3",
		"Kod": "81-336",
		"Miasto": "Gdynia",
		"Tel": "58 6247 990",
		"Fax": "58 6247 991",
		"Email": "pol-mare@pol-mare.pl",
		"Strona_www": "www.pol-mare.pl"
	},
	{
		"Nazwa": "Polbod-Trans Sp. z o.o.",
		"Ulica": "Mikołajczyka 86A",
		"Kod": "41-208",
		"Miasto": "Sosnowiec",
		"Tel": "(32) 258 23 11, 206 21 38",
		"Fax": "32 206 21 38",
		"Email": "info@polbodtrans.pl",
		"Strona_www": "www.polbodtrans.pl"
	},
	{
		"Nazwa": "Polbrok AC i SM Sp. z o.o.",
		"Ulica": "Śląska 17",
		"Kod": "81-319",
		"Miasto": "Gdynia",
		"Tel": "58 785-55-55",
		"Fax": "58 785-55-56",
		"Email": "polbrok@polbrok.pl",
		"Strona_www": "www.polbrok.pl"
	},
	{
		"Nazwa": "Polfrost Internationale Spedition Sp. z o.o.",
		"Ulica": "Tyniecka 27/2",
		"Kod": "02-615",
		"Miasto": "Warszawa",
		"Tel": "+4822 854 12 61",
		"Fax": "+4822 854 10 79",
		"Email": "biuro@polfrost.com.pl",
		"Strona_www": "www.polfrost.com.pl"
	},
	{
		"Nazwa": "Polish Forwarding Company Sp. z o.o.",
		"Ulica": "Pułaskiego 8/616",
		"Kod": "81-368",
		"Miasto": "Gdynia",
		"Tel": "+4858 728 21 21",
		"Fax": "+4858 728 26 83",
		"Email": "office@pfc24.pl",
		"Strona_www": "www.pfc24.pl"
	},
	{
		"Nazwa": "Polsin Overseas Shipping Ltd Sp. z o.o.",
		"Ulica": "Armii Krajowej 116/16",
		"Kod": "81-824",
		"Miasto": "Sopot",
		"Tel": "058 555 27 91 do -99",
		"Fax": "058 555 27 80",
		"Email": "spedycja@polsin.com.pl",
		"Strona_www": "www.polsin.com.pl"
	},
	{
		"Nazwa": "Polski PCS Sp. z o.o.",
		"Ulica": "Bytomska 15",
		"Kod": "70-603",
		"Miasto": "Szczecin",
		"Tel": "91 4040564",
		"Fax": "",
		"Email": "biuro@polskipcs.pl",
		"Strona_www": "www.polskipcs.pl"
	},
	{
		"Nazwa": "Poltrans Sochaczew Sp. z o.o.",
		"Ulica": "Nowa Sucha 54",
		"Kod": "96-500",
		"Miasto": "Sochaczew",
		"Tel": "666272727",
		"Fax": "",
		"Email": "transport@poltrans.net",
		"Strona_www": "www.poltrans.net"
	},
	{
		"Nazwa": "PPSKiZ Transmeble Poznań Sp. z o.o.",
		"Ulica": "Gostyńska 51",
		"Kod": "63-100",
		"Miasto": "Śrem",
		"Tel": "515 260 322",
		"Fax": "61 28 34 671",
		"Email": "krzysztof@transmeble.com",
		"Strona_www": "www.transmeble.com"
	},
	{
		"Nazwa": "PRIMER Spedycja Międzynarodowa Sp. z o.o.",
		"Ulica": "Hutnicza 3",
		"Kod": "81-212",
		"Miasto": "Gdynia",
		"Tel": "58 727 90 01, 58 727 90 07",
		"Fax": "",
		"Email": "m.roszak@primer.pl",
		"Strona_www": "www.primer.pl"
	},
	{
		"Nazwa": "Proficargo Sp.z o.o.",
		"Ulica": "Bagno 2/97",
		"Kod": "00-112",
		"Miasto": "Warszawa",
		"Tel": "606118460",
		"Fax": "",
		"Email": "c.ruszczyk@proficargo.pl",
		"Strona_www": "www.proficargo.pl"
	},
	{
		"Nazwa": "Progo Logistics Alina Gruza",
		"Ulica": "Mysłowicka 22",
		"Kod": "81-550",
		"Miasto": "Gdynia",
		"Tel": "784 164 681",
		"Fax": "",
		"Email": "a.gruza@progo.com.pl",
		"Strona_www": " www.progo.com.pl"
	},
	{
		"Nazwa": "PW Wega A Sp. z o.o.",
		"Ulica": "Obozowa 38-40",
		"Kod": "62-800",
		"Miasto": "Kalisz",
		"Tel": "62 76 81 102",
		"Fax": "62 76 81 119",
		"Email": "michal.brus@wega-a.pl",
		"Strona_www": "www.wega-a.pl"
	},
	{
		"Nazwa": "Rail Cargo Logistics-Poland Sp. z o.o.",
		"Ulica": "Bitwy Warszawskiej 1920 nr 7",
		"Kod": "02-366",
		"Miasto": "Warszawa",
		"Tel": "22 648 11 30, 607311720",
		"Fax": "22 648 11 28",
		"Email": "michal.gileta@railcargo.com",
		"Strona_www": "www.railcargologistics.pl"
	},
	{
		"Nazwa": "Real Logistics Sp. z o.o.SK",
		"Ulica": "Muchoborska 16",
		"Kod": "54-424",
		"Miasto": "Wrocław",
		"Tel": "+48 71 722 41 54",
		"Fax": "+48 71 350 47 57",
		"Email": "info@real-logistics.pl",
		"Strona_www": "www.real-logistics.pl"
	},
	{
		"Nazwa": "Rentrans Cargo Sp. z o.o.",
		"Ulica": "Zbożowa 4",
		"Kod": "70-653",
		"Miasto": "Szczecin",
		"Tel": "+48 693 437 014",
		"Fax": "",
		"Email": "rentrans@rentrans.com.pl",
		"Strona_www": "www.rentrans.com.pl"
	},
	{
		"Nazwa": "RHENUS AIR & OCEAN POLAND SPÓŁKA AKCYJNA",
		"Ulica": "Kielecka 2",
		"Kod": "81-303",
		"Miasto": "Gdynia",
		"Tel": "(58) 515824712",
		"Fax": "",
		"Email": "chg@chg.pl ",
		"Strona_www": "www.chg.pl"
	},
	{
		"Nazwa": "Rhenus Port Logistics Sp. z o.o.",
		"Ulica": "Puławska 99",
		"Kod": "02-595",
		"Miasto": "Warszawa",
		"Tel": "91 462 33 04",
		"Fax": "91 462 31 36",
		"Email": "szczecin@pl.rhenus.com",
		"Strona_www": "www.pl.rhenus.com"
	},
	{
		"Nazwa": "Rohlig Suus Logistics SA",
		"Ulica": "Równoległa 4A",
		"Kod": "02-235",
		"Miasto": "Warszawa",
		"Tel": "(22) 737 75 75",
		"Fax": "(22) 737 75 00",
		"Email": "office@suus.com ",
		"Strona_www": "www.suus.com"
	},
	{
		"Nazwa": "Rusak Business Service Sp. z o.o",
		"Ulica": "Odlewnicza 6",
		"Kod": "03-231",
		"Miasto": "Warszawa",
		"Tel": "22 6786045",
		"Fax": "",
		"Email": "sales-pl@customssupport.com",
		"Strona_www": "www.customssupport.pl"
	},
	{
		"Nazwa": "Savino Del Bene Poland Sp. z o.o.",
		"Ulica": "Polska 13A",
		"Kod": "81-339",
		"Miasto": "Gdynia",
		"Tel": "+48 789 833 333",
		"Fax": "(58) 785 04 50",
		"Email": "office@sdb.com.pl ",
		"Strona_www": "www.sdb.it"
	},
	{
		"Nazwa": "Sava Translogic Sp. z o.o.",
		"Ulica": "Humańska 8/3",
		"Kod": "00-789",
		"Miasto": "Warszawa",
		"Tel": "+48796 627 832",
		"Fax": "",
		"Email": "welcome@savatranslogic.pl",
		"Strona_www": "https:// savatranslogic.pl"
	},
	{
		"Nazwa": "Schenker Sp. z o.o.",
		"Ulica": "Żwirki i Wigury 18",
		"Kod": "02-092",
		"Miasto": "Warszawa",
		"Tel": "(22)532 11 00",
		"Fax": "(22) 532 11 01",
		"Email": "recepcja@dbschenker.com",
		"Strona_www": "www.schenker.com/pl"
	},
	{
		"Nazwa": "Sealand Liquids Sp. z o.o.",
		"Ulica": "Legionów 112/21",
		"Kod": "81-472",
		"Miasto": "Gdynia",
		"Tel": "58 526 12 85",
		"Fax": "",
		"Email": "finance@sealand.com.pl",
		"Strona_www": "www.sealand.com.pl"
	},
	{
		"Nazwa": "Shipco Transport Sp. z o.o.",
		"Ulica": "Pułaskiego 6",
		"Kod": "81-368",
		"Miasto": "Gdynia",
		"Tel": "58 660 15 48",
		"Fax": "58 621 87 42",
		"Email": "jdrozdz@shipco.com",
		"Strona_www": "www.shipco.com"
	},
	{
		"Nazwa": "Smart Cargo Solutions Sp. z o.o.",
		"Ulica": "1 sierpnia 6, budynek D",
		"Kod": "02-134",
		"Miasto": "Warszawa",
		"Tel": "22 6442214",
		"Fax": "",
		"Email": "biuro@smart-cargo.eu",
		"Strona_www": "www.smart-cargo.eu"
	},
	{
		"Nazwa": "Smart Trans Rafał Bańkowski, Tomasz Lesiński S.J.",
		"Ulica": "Polska 13A",
		"Kod": "81-339",
		"Miasto": "Gdynia",
		"Tel": "+4858 699 22 50",
		"Fax": "+4858 699 22 55",
		"Email": "biuro@smarttrans.pl",
		"Strona_www": "www.smarttrans.pl"
	},
	{
		"Nazwa": "Speed Logistic Solutions Dariusz Sobiech",
		"Ulica": "Dźwigowa 3/18",
		"Kod": "02-473",
		"Miasto": "Warszawa",
		"Tel": "505733996",
		"Fax": "",
		"Email": "dsobiech@speedlogisticsolutions.com.pl",
		"Strona_www": "www.speedlogisticsolutions.com.pl"
	},
	{
		"Nazwa": "Speedway Freight Services (Poland) Sp. z o.o.",
		"Ulica": "Popiela 26/2",
		"Kod": "81-547",
		"Miasto": "Gdynia",
		"Tel": "+48 58 6233991",
		"Fax": "",
		"Email": "gdynia@sfspoland.com",
		"Strona_www": "www.sfspoland.com"
	},
	{
		"Nazwa": "Spedman Global Logistics Sp. z o.o",
		"Ulica": "Korczaka 13",
		"Kod": "81-473",
		"Miasto": "Gdynia",
		"Tel": "(58) 662 02 74",
		"Fax": "(58) 662 02 80",
		"Email": "sales@spedman.pl",
		"Strona_www": "www.spedman.com"
	},
	{
		"Nazwa": "Spedrapid Sp. z o.o.",
		"Ulica": "Śląska 35/37",
		"Kod": "81-310",
		"Miasto": "Gdynia",
		"Tel": "(58)785 06 00",
		"Fax": "(58)7850601",
		"Email": "gdynia@spedrapid.pl",
		"Strona_www": "www.spedrapid.pl"
	},
	{
		"Nazwa": "STBU Brokerzy Ubezpieczeniowi Sp. z o.o. – CZŁONEK STOWARZYSZONY",
		"Ulica": "Rzemieślnicza 33",
		"Kod": "81-855",
		"Miasto": "Sopot",
		"Tel": "58 555 82 00",
		"Fax": "58 555 82 02",
		"Email": "stbu@stbu.pl",
		"Strona_www": "www.stbu.pl"
	},
	{
		"Nazwa": "Śląskie Centrum Logistyki S.A.",
		"Ulica": "Portowa 28",
		"Kod": "44-100",
		"Miasto": "Gliwice",
		"Tel": "32 30 18 402",
		"Fax": "32 30 18 405",
		"Email": "marketing@scl.com.pl",
		"Strona_www": "www.scl.com.pl"
	},
	{
		"Nazwa": "Taulog Sp. z o.o.",
		"Ulica": "Brzozowa 6/10",
		"Kod": "62-064",
		"Miasto": "Plewiska",
		"Tel": "+48 509104495",
		"Fax": "",
		"Email": "anita.ihma@taulog.com.pl",
		"Strona_www": "www.taulog.com.pl"
	},
	{
		"Nazwa": "Terramar Sp. z o.o.",
		"Ulica": "Rotterdamska 3",
		"Kod": "81-337",
		"Miasto": "Gdynia",
		"Tel": "(58)627 48 53",
		"Fax": "",
		"Email": "spedycja@terramar.pl ",
		"Strona_www": "www.terramar.pl"
	},
	{
		"Nazwa": "Tidi Log Sp. z o.o.",
		"Ulica": "Chabrowa 22B/51",
		"Kod": "81-079",
		"Miasto": "Gdynia",
		"Tel": "+48 503 611 280",
		"Fax": "",
		"Email": "office@tidi-log.pl",
		"Strona_www": "www.tidi-log.pl"
	},
	{
		"Nazwa": "Tirsped Sp. z o.o.",
		"Ulica": "Spedycyjna 22",
		"Kod": "03-191",
		"Miasto": "Warszawa",
		"Tel": "022 519 70 00",
		"Fax": "022 519 70 13",
		"Email": "sekretariat@tirsped.com.pl",
		"Strona_www": "www.tirsped.com.pl"
	},
	{
		"Nazwa": "Toll Global Forwarding Poland Sp. z o.o.",
		"Ulica": "Św. Michała 100 pok. 309",
		"Kod": "61-005",
		"Miasto": "Poznań",
		"Tel": "48 693110844",
		"Fax": "",
		"Email": "piotr.alejski@tollgroup.com",
		"Strona_www": "https://www.tollgroup.com"
	},
	{
		"Nazwa": "Tomasz Bochenek",
		"Ulica": "Sosnowa 5",
		"Kod": "44-203",
		"Miasto": "Rybnik",
		"Tel": "32 4210469",
		"Fax": "",
		"Email": "tbochen1@vp.pl",
		"Strona_www": "www.tbochenek.eu"
	},
	{
		"Nazwa": "Trade Trans Combi Sp. z o.o.",
		"Ulica": "Leszno 14",
		"Kod": "01-192",
		"Miasto": "Warszawa",
		"Tel": "22 5356600",
		"Fax": "",
		"Email": "adolotto@tradetrans.com.pl",
		"Strona_www": "www.tradetrans.com.pl"
	},
	{
		"Nazwa": "Trans-Marine Spedycja Międzynarodowa i Agencja Celna Sp. z o.o.",
		"Ulica": "Aleja Solidarności 1 C",
		"Kod": "81-336",
		"Miasto": "Gdynia",
		"Tel": "(58) 620 09 20",
		"Fax": "58 621 71 41",
		"Email": "transmarine@transmarine.com.pl ",
		"Strona_www": "www.transmarine.com.pl"
	},
	{
		"Nazwa": "Transbrokers.Eu Sp. z o.o. (członek stowarzyszony)",
		"Ulica": "Fiołkowa 3",
		"Kod": "52-200",
		"Miasto": "Wysoka",
		"Tel": "+4871 726 31 74",
		"Fax": "",
		"Email": "info@transbrokers.eu",
		"Strona_www": "www.transbrokers.eu"
	},
	{
		"Nazwa": "TSLogistic Tomasz Sawicki",
		"Ulica": "Warszawska 39",
		"Kod": "61-028",
		"Miasto": "Poznań",
		"Tel": "61 6545915",
		"Fax": "",
		"Email": "seafreight@tslogistic.com.pl",
		"Strona_www": "www.tslogistic.com.pl"
	},
	{
		"Nazwa": "TSL Silesia Sp. z o.o.",
		"Ulica": "Rycerska 9",
		"Kod": "41-902",
		"Miasto": "Bytom",
		"Tel": "+4832 2829062",
		"Fax": "+4832 2829062",
		"Email": "office@tsl-silesia.com.pl",
		"Strona_www": "www.tsl-silesia.com.pl"
	},
	{
		"Nazwa": "Uni-Logistics Sp. z o.o.",
		"Ulica": "Polska 19",
		"Kod": "81-339",
		"Miasto": "Gdynia",
		"Tel": "058 667 99 84",
		"Fax": "058 667 99 66",
		"Email": "info@unilogistics.pl",
		"Strona_www": "www.unilogistics.pl"
	},
	{
		"Nazwa": "Universal Express Distribution Sp. z o.o.",
		"Ulica": "Moszna Parcela 29",
		"Kod": "05-840",
		"Miasto": "Brwinów",
		"Tel": "(22) 759 96 60",
		"Fax": "(22) 759 96 54",
		"Email": "office@ued.pl",
		"Strona_www": "www.ued.pl"
	},
	{
		"Nazwa": "Universal Express Fine Arts Sp. z o.o.",
		"Ulica": "Trojańska 7",
		"Kod": "02-261",
		"Miasto": "Warszawa",
		"Tel": "22 100 29 22",
		"Fax": "22100 29 29",
		"Email": "ewa.luniewska@uer.pl",
		"Strona_www": "www.uesp.pl"
	},
	{
		"Nazwa": "Universal Express Relocation Sp. z o.o.",
		"Ulica": "Trojańska 7",
		"Kod": "02-261",
		"Miasto": "Warszawa",
		"Tel": "(22) 100 29 20",
		"Fax": "(22) 100 29 29",
		"Email": "sekretariat@uer.pl",
		"Strona_www": "www.uer.pl"
	},
	{
		"Nazwa": "Universal Express Sp. z o.o.",
		"Ulica": "Ruchliwa 15",
		"Kod": "02-182",
		"Miasto": "Warszawa",
		"Tel": "(22) 100 28 90",
		"Fax": "(22) 100 28 99",
		"Email": "office@uex.pl",
		"Strona_www": "www.uex.pl"
	},
	{
		"Nazwa": "UPS SCS (Polska) Sp. z o.o.",
		"Ulica": "Komitetu Obrony Robotników 45 B",
		"Kod": "02-146",
		"Miasto": "Warszawa",
		"Tel": "(22) 573 10 31, +48 782 221 672",
		"Fax": "(22) 573 10 10",
		"Email": "zbartczak@ups.com",
		"Strona_www": "www.ups-scs.com"
	},
	{
		"Nazwa": "Lineage Freight Forwarding Poland Sp. z o.o.",
		"Ulica": "Władysława IV 43",
		"Kod": "81-395",
		"Miasto": "Gdynia",
		"Tel": "668865813, 606223737",
		"Fax": "",
		"Email": "bkozaczuk@onelineage.com",
		"Strona_www": "www.onelineage.com"
	},
	{
		"Nazwa": "Vasco Bohemia Sp. z o.o",
		"Ulica": "Al. 1-go Maja 87 lok. 313",
		"Kod": "90-755",
		"Miasto": "Łódź",
		"Tel": "42 630 78 16",
		"Fax": "42 630 78 29",
		"Email": "k.lewandowski@vascobohemia.pl",
		"Strona_www": " www.vascocatalangroup.com"
	},
	{
		"Nazwa": "Venax Sp. z o.o.",
		"Ulica": "ul. Kamienna 3A",
		"Kod": "57-100",
		"Miasto": "Strzelin",
		"Tel": "518128124",
		"Fax": "",
		"Email": "biuro@venax.pl",
		"Strona_www": "https://venax/net"
	},
	{
		"Nazwa": "Vive Textile Recycling Sp. z o.o.",
		"Ulica": "Łopuszańska 22",
		"Kod": "02-220",
		"Miasto": "Warszawa",
		"Tel": "41 345 74 88",
		"Fax": "41 345 74 86",
		"Email": "anna.miernikiewicz@vive.com.pl",
		"Strona_www": "www.vive.com.pl"
	},
	{
		"Nazwa": "Waldemar Sp. z o.o.",
		"Ulica": "Mickiewicza 31",
		"Kod": "69-110",
		"Miasto": "Rzepin",
		"Tel": "+48 603378878, +48 606216520",
		"Fax": "",
		"Email": "michal@waldemar.com.pl",
		"Strona_www": "www.waldemar.com.pl"
	},
	{
		"Nazwa": "Woodeco TSL sp. z.o.o",
		"Ulica": "Wiórowa 1",
		"Kod": "19-203",
		"Miasto": "Grajewo",
		"Tel": "(86) 272 94 37",
		"Fax": "",
		"Email": "justyna.kiluk-ciborowska@woodeco.eu",
		"Strona_www": "www.woodeco.eu"
	},
	{
		"Nazwa": "Yusen Logistics (Polska) Sp. z o.o.",
		"Ulica": "Domaniewska 34a",
		"Kod": "02-672",
		"Miasto": "Warszawa",
		"Tel": "22 567 36 10",
		"Fax": "22 567 36 01",
		"Email": "info@pl.yusen-logistics.com",
		"Strona_www": "www.eur.yusen-logistics.com"
	},
	{
		"Nazwa": "Pekao Cargo Agencja Celna Sp. z o.o.",
		"Ulica": "ul. Wirażowa 35",
		"Kod": "02-158",
		"Miasto": "Warszawa",
		"Tel": "222701433",
		"Fax": "222701434",
		"Email": "r.nowicki@pekao.pl",
		"Strona_www": "pekao.pl"
	},
	{
		"Nazwa": "Nagel Polska Sp. z o.o.",
		"Ulica": "ul. Wiśniowa 19",
		"Kod": "62-052",
		"Miasto": "Komorniki",
		"Tel": "691016247",
		"Fax": "",
		"Email": "maciej.trebas@nagel-group.com",
		"Strona_www": "www.nagel-group.com"
	},
	{
		"Nazwa": "H&H Logistics Sp. z o.o.",
		"Ulica": "ul. Grunwaldzka 27C",
		"Kod": "63-100",
		"Miasto": "Śrem",
		"Tel": "882092347",
		"Fax": "",
		"Email": "biuro@hhlogistics.pl",
		"Strona_www": "hhlogistics.pl"
	},
	{
		"Nazwa": "Fr. Meyer's Sohn Polska Sp. z o.o.",
		"Ulica": "ul. Płk. Jana Pałubickiego 6A",
		"Kod": "80-175",
		"Miasto": "Gdańsk",
		"Tel": "577300590",
		"Fax": "",
		"Email": "gdansk@fms-logistics.com",
		"Strona_www": "fms-logistics.com"
	},
	{
		"Nazwa": "COS Poland Sp. z o.o.",
		"Ulica": "ul. Złota 7 lok.1",
		"Kod": "00-019",
		"Miasto": "Warszawa",
		"Tel": "502044284",
		"Fax": "",
		"Email": "pawel.krzyzanowski@oceanshipping.pl",
		"Strona_www": "oceanshipping.cz"
	},
	{
		"Nazwa": "Beweship Polska Sp. z o.o.",
		"Ulica": "ul. Hutnicza 44",
		"Kod": "81-061",
		"Miasto": "Gdynia",
		"Tel": "530688019",
		"Fax": "",
		"Email": "artur.szufarski@beweship.com",
		"Strona_www": "www.beweship.com"
	},
	{
		"Nazwa": "AT Shipping Sp. z o.o.",
		"Ulica": "ul. Św. Piotra 21/14",
		"Kod": "81-347",
		"Miasto": "Gdynia",
		"Tel": "609307078",
		"Fax": "",
		"Email": "jacek@atshipping.pl",
		"Strona_www": "www.atshipping.pl"
	},
	{
		"Nazwa": "TLSC Poland Sp. z o.o.",
		"Ulica": "ul. Grzybowska 87",
		"Kod": "00-844",
		"Miasto": "Warszawa",
		"Tel": "732783900",
		"Fax": "517220462",
		"Email": "tk@tlsc.pl; az@tlsc.pl",
		"Strona_www": "www.tlsc.pl"
	},
	{
		"Nazwa": "Insphera S.A.",
		"Ulica": "ul. Podolska 21",
		"Kod": "81-321",
		"Miasto": "Gdynia",
		"Tel": "720801000",
		"Fax": "",
		"Email": "biuro@insphera.pl",
		"Strona_www": "www.insphera.pl"
	},
	{
		"Nazwa": "Bunasta Sp. z o.o.",
		"Ulica": "ul. Produkcyjna 105A",
		"Kod": "15-680",
		"Miasto": "Białystok",
		"Tel": "733550384",
		"Fax": "",
		"Email": "anna.jarosz@bunasta.eu",
		"Strona_www": "www.bunasta.eu"
	},
	{
		"Nazwa": "Silva Spółka Jawna Grzegorz Składanowski Tomasz Sendrowski",
		"Ulica": "ul. Lubelska 43A",
		"Kod": "10-410",
		"Miasto": "Olsztyn",
		"Tel": "895320027",
		"Fax": "695869003",
		"Email": "trucks@silva.olsztyn.pl",
		"Strona_www": "silva.olsztyn.pl"
	}
]
